,X.1,X,ParticipantName,Blind_ID
1,1,1,CLCL_001,ScOCBHBM
2,2,2,CLCL_002,5GCippKO
3,3,3,CLCL_003,mmNEyTOZ
4,4,4,CLCL_004,YwdLnSAD
5,5,5,CLCL_005,vKrdExiC
6,6,6,CLCL_006,NlrNJZTv
7,7,7,CLCL_007,iFsMhN6K
8,8,8,CLCL_008,N8TUwEWG
9,9,9,CLCL_009,wYQgn4aY
10,10,10,CLCL_010,aOusW0Av
11,11,11,CLCL_011,47K8ekqJ
12,12,12,CLCL_012,vcfBezJ6
13,13,13,CLCL_013,MA8ImgrS
14,14,14,CLCL_014,9Ka7ASoo
15,15,15,CLCL_015,ta787Ty5
16,16,16,CLCL_016,78pzzjkE
17,17,17,CLCL_017,IkM9BNlw
18,18,18,CLCL_018,VoH23c1h
19,19,19,CLCL_019,viqwljwA
20,20,20,CLCL_020,WKrJ0AzT
21,21,21,CLCL_021,BTaQiNWJ
22,22,22,CLCL_022,F3CyvlPJ
23,23,23,CLCL_023,9QV3aVU5
24,24,24,CLCL_024,zauQ6fIE
25,25,25,CLCL_025,123aNRBu
26,26,26,CLCL_026,7ZyBI20X
27,27,27,CLCL_027,PsafuON5
28,28,28,CLCL_028,HpkcQMJD
29,29,29,CLCL_029,HJ0iufnq
30,30,30,CLCL_030,ZdB7oZGG
31,31,31,CLCL_031,mOm7D4xp
32,32,32,CLCL_032,ej7etPEi
33,33,33,CLCL_033,CB8I5i5F
34,34,34,CLCL_034,JPuGLjKg
35,35,35,CLCL_035,AUD17Yu2
36,36,36,CLCL_036,iGP2UIzO
37,37,37,CLCL_037,GRj1ztWf
38,38,38,CLCL_038,CsktxiIr
39,39,39,CLCL_039,OE3LE0ME
40,40,40,CLCL_040,MHuhRMwm
41,41,41,CLCL_041,YSxGQfvA
42,42,42,CLCL_042,pJ6lvxHM
43,43,43,CLCL_043,8D3Aqzon
44,44,44,CLCL_044,XncBwsN2
45,45,45,CLCL_045,VzT2KGsh
46,46,46,CLCL_046,oYghplds
47,47,47,CLCL_047,7NmFTRpV
48,48,48,CLCL_048,c9m7l1uq
49,49,49,CLCL_049,vpTWQBOO
50,50,50,CLCL_050,YZ8t8pJZ
51,51,51,CLCL_051,RtRK5Noi
52,52,52,CLCL_052,BR8JgQl9
53,53,53,CLCL_053,BB8sdiCD
54,54,54,CLCL_054,hcBn7z7u
55,55,55,CLCL_055,APnIZLJq
56,56,56,CLCL_056,XqCEb62p
57,57,57,CLCL_057,o0f6pCmo
58,58,58,CLCL_058,0ckHn5yt
59,59,59,CLCL_059,4N4S7yS2
60,60,60,CLCL_060,SMVuKrCp
61,61,61,CLCL_061,dpv7imKO
62,62,62,CLCL_062,Qdyz9LrK
63,63,63,CLCL_063,Oe2MMGHS
64,64,64,CLCL_064,WWQ2ev4b
65,65,65,CLCL_065,0IyLH4Eb
66,66,66,CLCL_066,YFPoky87
67,67,67,CLCL_067,2rbJbXHO
68,68,68,CLCL_068,ClRKslup
69,69,69,CLCL_069,0pMqjk5m
70,70,70,CLCL_070,uwyY9Zks
71,71,71,CLCL_071,e4rM57Iz
72,72,72,CLCL_072,J832budU
73,73,73,CLCL_073,FoAHwRGO
74,74,74,CLCL_074,8i80eop5
75,75,75,CLCL_075,Zcg59ZdF
76,76,76,CLCL_076,ORei7AkB
77,77,77,CLCL_077,g6vhvc4K
78,78,78,CLCL_078,tK2ndjaU
79,79,79,CLCL_079,8itcxxEq
80,80,80,CLCL_080,6BFe6U46
81,81,81,CLCL_081,QnPDQhPt
82,82,82,CLCL_082,2Tare8Yl
83,83,83,CLCL_083,nQeN7yRi
84,84,84,CLCL_084,ixf2vvjH
85,85,85,CLCL_085,LxCaAtiP
86,86,86,CLCL_086,HcTBwftW
87,87,87,CLCL_087,a4x2pSkP
88,88,88,CLCL_088,iNLWRDsr
89,89,89,CLCL_089,m4pMIpu5
90,90,90,CLCL_090,fMmi2uPU
91,91,91,CLCL_091,fKaWMlxk
92,92,92,CLCL_092,TTITAUvG
93,93,93,CLCL_093,3QKzqiUR
94,94,94,CLCL_094,yCTzywRf
95,95,95,CLCL_095,GXSZBSB7
96,96,96,CLCL_096,nhsYpYj5
97,97,97,CLCL_097,lw912JNn
98,98,98,CLCL_098,HSCT1HuW
99,99,99,CLCL_099,pi84zfdk
100,100,100,CLCL_100,TdOhxvEd
101,101,101,CLCL_101,PdrpWsat
102,102,102,CLCL_102,GlAJusxx
103,103,103,CLCL_103,4BLxtV1K
104,104,104,CLCL_104,B1xFU1uf
105,105,105,CLCL_105,I1nw5LOJ
106,106,106,CLCL_106,oNTDpDAK
107,107,107,CLCL_107,HcODjkHR
108,108,108,CLCL_108,a5i85rpG
109,109,109,CLCL_109,raXEqL4T
110,110,110,CLCL_110,7PO8xOi8
111,111,111,CLCL_111,kN3TcqKi
112,112,112,CLCL_112,61torFqE
113,113,113,CLCL_113,jMpzPMbk
114,114,114,CLCL_114,Qf9va8el
115,115,115,CLCL_115,MVST3nlx
116,116,116,CLCL_116,k8FS5lbv
117,117,117,CLCL_117,FKsiDsBo
118,118,118,CLCL_118,deAWb2Ec
119,119,119,CLCL_119,n2MTKyvz
120,120,120,CLCL_120,9hKLS9my
121,121,121,CLCL_121,3LGFBaSb
122,122,122,CLCL_122,mAgdn44u
123,123,123,CLCL_123,8lSBrdHU
124,124,124,CLCL_124,nQuPBEYL
125,125,125,CLCL_125,sMZymFKE
126,126,126,CLCL_126,TTUevbEc
127,127,127,CLCL_127,UqCgqMJu
128,128,128,CLCL_128,TerFU1mF
129,129,129,CLCL_129,LkVZQCTn
130,130,130,CLCL_130,fFAZ6cTY
